pfuentes100@bce.com,pfuentes,password
kestes101@safaricom.com,kestes,password
vacosta102@daxnet.com,vacosta,password
cbradsha103@cubenet.com,cbradsha,password
tbernal104@mtn.com,tbernal,password
mdelacru105@nordnet.com,mdelacru,password
neaton106@netcom.com,neaton,password
eware107@nii.com,eware,password
amayer108@worldnet.com,amayer,password
pgalvan109@greennet.com,pgalvan,password
fhardin110@telecom.com,fhardin,password
emann111@movil.com,emann,password
ksweeney112@oi.com,ksweeney,password
ale113@cci.com,ale,password
vvelasqu114@worldnet.com,vvelasqu,password
pjordan115@telekom.com,pjordan,password
tshah116@access.com,tshah,password
mmccann118@access.com,mmccann,password
vstephen119@bt.com,vstephen,password
efoley120@vodafone.com,efoley,password
ksalas121@telecomitalia.com,ksalas,password
ecurry122@unicom.com,ecurry,password
ilyons123@telia.com,ilyons,password
eolsen124@seednet.com,eolsen,password
klindsey126@greennet.com,klindsey,password
lcohen127@ais.com,lcohen,password
bdaniels128@safaricom.com,bdaniels,password
rsellers129@lguplus.com,rsellers,password
dbowman130@seednet.com,dbowman,password
rvelasqu131@ntt.com,rvelasqu,password
tturner132@ote.com,tturner,password
lbarrett133@bce.com,lbarrett,password
jnorris134@telekom.com,jnorris,password
dclarke135@vivendi.com,dclarke,password
troberts136@movil.com,troberts,password
cpitts137@algonet.com,cpitts,password
jlugo138@telkom.com,jlugo,password
cbender139@greennet.com,cbender,password
clucas140@tt.com,clucas,password
pweeks141@glasnet.com,pweeks,password
jstaffor142@sktelecom.com,jstaffor,password
clang143@relcom.com,clang,password
zgregory144@airtel.com,zgregory,password
ifields145@orange.com,ifields,password
saguilar146@cci.com,saguilar,password
msalgado148@belgacom.com,msalgado,password
mbyrd149@access.com,mbyrd,password
ehoover150@nordnet.com,ehoover,password
echan151@cci.com,echan,password
kponce152@kddi.com,kponce,password
avillalo153@worldnet.com,avillalo,password
mblack154@kddi.com,mblack,password
egraves155@att.com,egraves,password
ghunt156@mtn.com,ghunt,password
gfelix157@telecom.com,gfelix,password
whampton158@vivendi.com,whampton,password
tperson159@openworld.com,tperson,password
mpeterso160@daxnet.com,mpeterso,password
iyoder161@vimpelcom.com,iyoder,password
dfoley162@econnect.com,dfoley,password
agomez163@ptcl.com,agomez,password
vatkins164@daxnet.com,vatkins,password
kdrake165@nordnet.com,kdrake,password
ckelly166@telefonica.com,ckelly,password
nharmon168@orange.com,nharmon,password
tchen169@vimpelcom.com,tchen,password
kherrera170@ote.com,kherrera,password
lestrada171@zain.com,lestrada,password
shobbs172@econnect.com,shobbs,password
msellers174@centurylink.com,msellers,password
bbowen175@unicom.com,bbowen,password
smurillo176@cci.com,smurillo,password
clam177@airtel.com,clam,password
jbravo178@uunet.com,jbravo,password
ahorn179@telkom.com,ahorn,password
dtrevino180@tt.com,dtrevino,password
cbuckley181@movil.com,cbuckley,password
gbass182@mtn.com,gbass,password
mryan183@worldnet.com,mryan,password
iwilkins184@lookdata.com,iwilkins,password
cleblanc185@cci.com,cleblanc,password
mrichard186@optus.com,mrichard,password
abenjami187@ui.com,abenjami,password
pwang188@telesystems.com,pwang,password
cmccarth189@ui.com,cmccarth,password
kclayton190@pldt.com,kclayton,password
lvalenzu191@uunet.com,lvalenzu,password
scuevas192@kddi.com,scuevas,password
alarson193@ptcl.com,alarson,password
ldillon194@greennet.com,ldillon,password
tmckenzi195@lookdata.com,tmckenzi,password
ewoods196@ccs.com,ewoods,password
sward197@mtn.com,sward,password
ksalinas198@verizon.com,ksalinas,password
ashepher199@telecom.com,ashepher,password
aryan200@lookdata.com,aryan,password
cperson201@sprint.com,cperson,password
hlu202@netcom.com,hlu,password
jchapman203@ote.com,jchapman,password
fpollard204@sktelecom.com,fpollard,password
lahmed205@turkcell.com,lahmed,password
gmichael206@ccs.com,gmichael,password
bmoody208@telecom.com,bmoody,password
fcarter209@millicom.com,fcarter,password
dfrankli210@bce.com,dfrankli,password
rroberso211@worldnet.com,rroberso,password
bbenton212@vodafone.com,bbenton,password
aschmitt213@cci.com,aschmitt,password
amartine214@telenor.com,amartine,password
fbanks215@ntt.com,fbanks,password
wberry216@tata.com,wberry,password
mmack217@centurylink.com,mmack,password
hbarry218@telenor.com,hbarry,password
nmerritt219@cerist.com,nmerritt,password
rpayne220@netcom.com,rpayne,password
smarshal221@bt.com,smarshal,password
hwalsh222@ooredoo.com,hwalsh,password
kleal223@access.com,kleal,password
lhowell224@movil.com,lhowell,password
ysnow225@vodafone.com,ysnow,password
bmckay226@chunghwa.com,bmckay,password
gsuarez227@ooredoo.com,gsuarez,password
ple228@jio.com,ple,password
adalton229@jio.com,adalton,password
lrangel230@telus.com,lrangel,password
lspears231@etisalat.com,lspears,password
dtate232@chunghwa.com,dtate,password
cneal233@tt.com,cneal,password
cjenkins234@ote.com,cjenkins,password
pdodson235@ntt.com,pdodson,password
jhuber236@nii.com,jhuber,password
mprice237@bifty.com,mprice,password
gbyrd238@telkom.com,gbyrd,password
nvu239@telekom.com,nvu,password
lchapman240@daxnet.com,lchapman,password
hprice241@oi.com,hprice,password
krivas242@telenor.com,krivas,password
tking243@lookdata.com,tking,password
mstevens244@pldt.com,mstevens,password
mblackbu245@unicom.com,mblackbu,password
aatkinso246@telesystems.com,aatkinso,password
lmoses247@telekom.com,lmoses,password
dmoody248@etisalat.com,dmoody,password
drandolp249@movil.com,drandolp,password
gheath250@softbank.com,gheath,password
sburton251@softbank.com,sburton,password
aesquive252@bt.com,aesquive,password
kmelton253@frontier.com,kmelton,password
lhaynes254@ptcl.com,lhaynes,password
tcraig255@lookdata.com,tcraig,password
cspencer256@nordnet.com,cspencer,password
mpittman257@pldt.com,mpittman,password
mtaylor258@rogers.com,mtaylor,password
sdelaros259@ktc.com,sdelaros,password
bleal260@megafon.com,bleal,password
sevans261@orstom.com,sevans,password
chendrix262@lguplus.com,chendrix,password
gharvey263@icom.com,gharvey,password
wross264@ccs.com,wross,password
dnewton265@millicom.com,dnewton,password
csharp266@nordnet.com,csharp,password
rrubio267@swisscom.com,rrubio,password
vdouglas268@millicom.com,vdouglas,password
nzuniga269@nii.com,nzuniga,password
cstaffor270@megafon.com,cstaffor,password
ehodges271@belgacom.com,ehodges,password
thenry272@cerist.com,thenry,password
dhoward273@daxnet.com,dhoward,password
dwaters274@seednet.com,dwaters,password
fray275@telecom.com,fray,password
mcastro276@algonet.com,mcastro,password
mhowe277@vimpelcom.com,mhowe,password
tmoody278@zain.com,tmoody,password
ringram279@uunet.com,ringram,password
sliu280@ui.com,sliu,password
aspencer281@cerist.com,aspencer,password
wenrique282@turkcell.com,wenrique,password
ebrown283@sprint.com,ebrown,password
bcumming284@telekom.com,bcumming,password
mcumming285@att.com,mcumming,password
amiranda286@unicom.com,amiranda,password
mpeterse287@vimpelcom.com,mpeterse,password
ewoods288@ote.com,ewoods,password
ggross289@swisscom.com,ggross,password
mfelix290@vivendi.com,mfelix,password
tahmed291@ais.com,tahmed,password
kgallego292@airtel.com,kgallego,password
dmata293@econnect.com,dmata,password
jsparks294@centurylink.com,jsparks,password
kholland295@telesystems.com,kholland,password
tbush296@telesystems.com,tbush,password
rpalmer297@bifty.com,rpalmer,password
bmccoy298@icom.com,bmccoy,password
mgordon299@ptcl.com,mgordon,password
pmcfarla300@zain.com,pmcfarla,password
rfrank302@tata.com,rfrank,password
gspears303@orange.com,gspears,password
lmejia304@telecomitalia.com,lmejia,password
rcarson306@uunet.com,rcarson,password
mvelasqu307@bce.com,mvelasqu,password
nwarren308@telesystems.com,nwarren,password
orichard309@millicom.com,orichard,password
hroberso310@tata.com,hroberso,password
ochurch311@tm.com,ochurch,password
epotter312@nii.com,epotter,password
ksulliva313@unicom.com,ksulliva,password
dbauer314@ktc.com,dbauer,password
cbrennan315@ooredoo.com,cbrennan,password
sjenkins316@cubenet.com,sjenkins,password
sdaniel317@lookdata.com,sdaniel,password
ctravis318@bt.com,ctravis,password
wcombs319@safaricom.com,wcombs,password
ewhite320@kddi.com,ewhite,password
ribarra322@cerist.com,ribarra,password
lgill323@telesystems.com,lgill,password
lmcmahon324@lguplus.com,lmcmahon,password
tnava325@megafon.com,tnava,password
jleal326@movil.com,jleal,password
cdickson327@nordnet.com,cdickson,password
bmacdona328@ntt.com,bmacdona,password
amclaugh329@econnect.com,amclaugh,password
mkane330@lguplus.com,mkane,password
aashley331@kpn.com,aashley,password
lwiggins332@cubenet.com,lwiggins,password
tcontrer334@ptcl.com,tcontrer,password
jthomas335@sktelecom.com,jthomas,password
sbeasley336@telekom.com,sbeasley,password
vkennedy337@vimpelcom.com,vkennedy,password
cglover338@telekom.com,cglover,password
lmahoney339@safaricom.com,lmahoney,password
imiller340@ptcl.com,imiller,password
tkhan341@icom.com,tkhan,password
ehuffman342@sktelecom.com,ehuffman,password
rlevy343@tt.com,rlevy,password
shorn344@algonet.com,shorn,password
tjarvis345@telefonica.com,tjarvis,password
mwilkins346@ote.com,mwilkins,password
gcarpent347@telesystems.com,gcarpent,password
wcano348@greennet.com,wcano,password
aalvarez349@orange.com,aalvarez,password
jarmstro350@telekom.com,jarmstro,password
btate352@unicom.com,btate,password
gbravo353@worldnet.com,gbravo,password
hsnow354@telecom.com,hsnow,password
jflores355@swisscom.com,jflores,password
nvaughan356@seednet.com,nvaughan,password
rkrueger357@unicom.com,rkrueger,password
bluna358@optus.com,bluna,password
htruong359@airtel.com,htruong,password
msolis360@sprint.com,msolis,password
tdejesus361@megafon.com,tdejesus,password
mrichard362@sprint.com,mrichard,password
kproctor363@chunghwa.com,kproctor,password
jcohen364@telkom.com,jcohen,password
hfrench365@vivendi.com,hfrench,password
nmassey366@tata.com,nmassey,password
arhodes367@nii.com,arhodes,password
dnash368@greennet.com,dnash,password
tnichols370@frontier.com,tnichols,password
dray371@optus.com,dray,password
svu372@greennet.com,svu,password
chayes373@oi.com,chayes,password
ehoover374@ktc.com,ehoover,password
lhoover375@movil.com,lhoover,password
rsolis376@vivendi.com,rsolis,password
abeil377@bt.com,abeil,password
avillalo378@relcom.com,avillalo,password
kcrosby379@ui.com,kcrosby,password
sbrandt380@telecomitalia.com,sbrandt,password
fburton381@glasnet.com,fburton,password
vboone382@movil.com,vboone,password
jtang383@telenor.com,jtang,password
broberts384@safaricom.com,broberts,password
cterry385@access.com,cterry,password
vliu386@ote.com,vliu,password
kfleming387@bifty.com,kfleming,password
chammond388@verizon.com,chammond,password
alucas389@greennet.com,alucas,password
slucero390@airtel.com,slucero,password
dhorton391@telecomitalia.com,dhorton,password
mnorris392@ais.com,mnorris,password
ocontrer393@daxnet.com,ocontrer,password
pwaller394@telia.com,pwaller,password
acole395@optus.com,acole,password
cfreeman396@algonet.com,cfreeman,password
bwhite397@safaricom.com,bwhite,password
chodge398@lookdata.com,chodge,password
cchandle399@att.com,cchandle,password
qmassey400@softbank.com,qmassey,password
jvega401@verizon.com,jvega,password
enewton402@megafon.com,enewton,password
cbranch403@belgacom.com,cbranch,password
jperson404@kddi.com,jperson,password
nlarson405@verizon.com,nlarson,password
imcmahon406@cerist.com,imcmahon,password
vthomas407@eunet.com,vthomas,password
gdickers408@maxcomm.com,gdickers,password
redwards409@nordnet.com,redwards,password
fsandova410@belgacom.com,fsandova,password
mroman411@apicnet.com,mroman,password
akirby412@seednet.com,akirby,password
cpeters413@ote.com,cpeters,password
agilbert414@vodafone.com,agilbert,password
ijuarez415@frontier.com,ijuarez,password
rwiggins416@orstom.com,rwiggins,password
blara417@nii.com,blara,password
eandrews418@ote.com,eandrews,password
apalacio419@optus.com,apalacio,password
plong420@sktelecom.com,plong,password
tparsons421@telecom.com,tparsons,password
hmarquez422@telefonica.com,hmarquez,password
jnichols424@mtn.com,jnichols,password
sbranch425@millicom.com,sbranch,password
cbarton426@telia.com,cbarton,password
sberg427@apicnet.com,sberg,password
hsnow428@tata.com,hsnow,password
hferguso429@netcom.com,hferguso,password
shartman430@vivendi.com,shartman,password
ihale431@daxnet.com,ihale,password
kbriggs432@relcom.com,kbriggs,password
mcallaha433@openworld.com,mcallaha,password
sedwards434@nii.com,sedwards,password
vmclaugh436@telus.com,vmclaugh,password
jprice438@orange.com,jprice,password
cmoss439@telecom.com,cmoss,password
ivu440@bifty.com,ivu,password
mramos441@telkom.com,mramos,password
vbishop442@softbank.com,vbishop,password
spatel443@bce.com,spatel,password
dhoward444@belgacom.com,dhoward,password
kcorrea445@turkcell.com,kcorrea,password
dmatthew446@zain.com,dmatthew,password
srivera447@jio.com,srivera,password
rperkins448@algonet.com,rperkins,password
ballison449@telenor.com,ballison,password
fhorton450@lookdata.com,fhorton,password
abruce451@telekom.com,abruce,password
jbutler452@mtn.com,jbutler,password
bdejesus453@nordnet.com,bdejesus,password
cfiguero454@seednet.com,cfiguero,password
ebeck455@apicnet.com,ebeck,password
asalinas456@ote.com,asalinas,password
lray457@ote.com,lray,password
jfry458@lookdata.com,jfry,password
nmalone460@centurylink.com,nmalone,password
sstephen461@mtn.com,sstephen,password
bbanks462@telecomitalia.com,bbanks,password
lnava463@telekom.com,lnava,password
eadams464@optus.com,eadams,password
mtate465@worldnet.com,mtate,password
bpage466@telia.com,bpage,password
mbass467@verizon.com,mbass,password
bbentley468@kddi.com,bbentley,password
dsalgado469@turkcell.com,dsalgado,password
tmayer470@telkom.com,tmayer,password
jmedina471@ccs.com,jmedina,password
mhood472@turkcell.com,mhood,password
wstein473@lookdata.com,wstein,password
rarnold474@millicom.com,rarnold,password
agarrett475@orstom.com,agarrett,password
bromero476@daxnet.com,bromero,password
lvazquez477@telecom.com,lvazquez,password
ppadilla478@att.com,ppadilla,password
lsulliva480@att.com,lsulliva,password
wwalls481@pldt.com,wwalls,password
ahouston482@centurylink.com,ahouston,password
cxiong483@nii.com,cxiong,password
srhodes484@access.com,srhodes,password
kpeterse486@jio.com,kpeterse,password
emcphers487@optus.com,emcphers,password
llarson488@sktelecom.com,llarson,password
cgray489@vodafone.com,cgray,password
adixon490@jio.com,adixon,password
dgalvan491@zain.com,dgalvan,password
cblackwe492@chunghwa.com,cblackwe,password
wmurillo494@centurylink.com,wmurillo,password
jmartin496@verizon.com,jmartin,password
bchavez498@telia.com,bchavez,password
hyork499@ote.com,hyork,password
nfaulkne500@movil.com,nfaulkne,password
lmurillo501@telus.com,lmurillo,password
losborne502@ote.com,losborne,password
wcollins503@mtn.com,wcollins,password
btownsen504@bce.com,btownsen,password
dosborne505@tm.com,dosborne,password
emunoz506@worldnet.com,emunoz,password
bberry507@centurylink.com,bberry,password
lkennedy508@vimpelcom.com,lkennedy,password
dvalenzu509@telecom.com,dvalenzu,password
arush510@turkcell.com,arush,password
catkins511@telecom.com,catkins,password
lmckenzi512@telecom.com,lmckenzi,password
klin513@airtel.com,klin,password
ebailey514@vodafone.com,ebailey,password
lhancock515@ais.com,lhancock,password
kgilmore516@nordnet.com,kgilmore,password
lbrownin517@daxnet.com,lbrownin,password
ahahn518@ooredoo.com,ahahn,password
lcarpent519@bifty.com,lcarpent,password
sjarvis520@centurylink.com,sjarvis,password
lcain521@sprint.com,lcain,password
jpark522@apicnet.com,jpark,password
fmcbride523@rogers.com,fmcbride,password
phenders524@ccs.com,phenders,password
klynn525@cubenet.com,klynn,password
oriley526@ntt.com,oriley,password
jbarr527@ccs.com,jbarr,password
sfiguero528@verizon.com,sfiguero,password
cpittman529@etisalat.com,cpittman,password
ethornto530@bce.com,ethornto,password
snovak531@ote.com,snovak,password
mjenning532@telecom.com,mjenning,password
tmiller533@chunghwa.com,tmiller,password
whancock534@glasnet.com,whancock,password
emcphers535@att.com,emcphers,password
cgalindo536@ptcl.com,cgalindo,password
kmata538@zain.com,kmata,password
dglenn539@vodafone.com,dglenn,password
kbrady540@optus.com,kbrady,password
mhendric541@jio.com,mhendric,password
lblake542@pldt.com,lblake,password
fbarnett543@orstom.com,fbarnett,password
ecarson544@megafon.com,ecarson,password
rraymond545@uunet.com,rraymond,password
ccalhoun546@safaricom.com,ccalhoun,password
scline547@maxcomm.com,scline,password
osloan548@vimpelcom.com,osloan,password
kkeller549@att.com,kkeller,password
shardin550@bce.com,shardin,password
fatkins551@sprint.com,fatkins,password
amoreno552@mtn.com,amoreno,password
rdomingu553@telecom.com,rdomingu,password
twhitney554@uunet.com,twhitney,password
rrodgers555@tm.com,rrodgers,password
tgonzale556@vodafone.com,tgonzale,password
rcortez557@etisalat.com,rcortez,password
mbrownin558@econnect.com,mbrownin,password
hmeadows559@telstra.com,hmeadows,password
jmanning560@greennet.com,jmanning,password
pdennis561@rogers.com,pdennis,password
fmonroe562@unicom.com,fmonroe,password
mwolfe563@ktc.com,mwolfe,password
iramsey564@uunet.com,iramsey,password
bfernand565@seednet.com,bfernand,password
whinton566@bt.com,whinton,password
hdiaz567@jio.com,hdiaz,password
bmartin568@netcom.com,bmartin,password
ocase569@netcom.com,ocase,password
fhorne570@worldnet.com,fhorne,password
wowen571@lguplus.com,wowen,password
mbrownin572@ooredoo.com,mbrownin,password
rvelasqu573@jio.com,rvelasqu,password
trivas574@kpn.com,trivas,password
hgallego575@telecom.com,hgallego,password
tpham576@relcom.com,tpham,password
shanson578@econnect.com,shanson,password
broman579@relcom.com,broman,password
lfields580@lguplus.com,lfields,password
jwaller581@centurylink.com,jwaller,password
smullins582@singtel.com,smullins,password
dbarron583@bt.com,dbarron,password
lmiles584@ote.com,lmiles,password
aduke585@telia.com,aduke,password
dgood586@daxnet.com,dgood,password
apollard588@worldnet.com,apollard,password
mhaynes589@maxcomm.com,mhaynes,password
nbailey590@netcom.com,nbailey,password
gwilson592@vodafone.com,gwilson,password
hphillip593@movil.com,hphillip,password
kbender594@ui.com,kbender,password
tperry595@belgacom.com,tperry,password
lhenders596@tt.com,lhenders,password
lchang597@att.com,lchang,password
rreed598@vodafone.com,rreed,password
jschmitt599@uunet.com,jschmitt,password
brosario600@greennet.com,brosario,password
hdunn601@daxnet.com,hdunn,password
ebuck602@safaricom.com,ebuck,password
dgross604@maxcomm.com,dgross,password
dgardner605@telecom.com,dgardner,password
wvaughn606@chunghwa.com,wvaughn,password
lgentry607@kddi.com,lgentry,password
arollins608@cerist.com,arollins,password
rfox609@econnect.com,rfox,password
jwilliam610@att.com,jwilliam,password
ebass611@ntt.com,ebass,password
nmeza612@telus.com,nmeza,password
rmcdowel613@belgacom.com,rmcdowel,password
nhurley614@etisalat.com,nhurley,password
epittman615@eunet.com,epittman,password
hwall616@bifty.com,hwall,password
amckinne617@cerist.com,amckinne,password
hfitzger618@ooredoo.com,hfitzger,password
kkirby619@centurylink.com,kkirby,password
ewall620@oi.com,ewall,password
crobinso621@softbank.com,crobinso,password
alowe622@daxnet.com,alowe,password
bglenn624@sktelecom.com,bglenn,password
smeyers625@bifty.com,smeyers,password
cmontgom626@telkom.com,cmontgom,password
sballard627@telenor.com,sballard,password
ccolon628@algonet.com,ccolon,password
ltownsen629@swisscom.com,ltownsen,password
dburch630@etisalat.com,dburch,password
mespinoz631@tt.com,mespinoz,password
llong632@bt.com,llong,password
pnorman633@telus.com,pnorman,password
kosborne634@ote.com,kosborne,password
jsalas635@ntt.com,jsalas,password
wgrant636@verizon.com,wgrant,password
smyers637@unicom.com,smyers,password
ayork638@pldt.com,ayork,password
cprince639@vimpelcom.com,cprince,password
jpowell640@cubenet.com,jpowell,password
noconnor641@relcom.com,noconnor,password
eroberts642@bifty.com,eroberts,password
abarr643@frontier.com,abarr,password
tford644@icom.com,tford,password
rhayden645@seednet.com,rhayden,password
cpeters646@singtel.com,cpeters,password
vkerr647@tt.com,vkerr,password
rphelps648@telenor.com,rphelps,password
jrichard649@millicom.com,jrichard,password
trollins650@kpn.com,trollins,password
rwaters651@ais.com,rwaters,password
mking652@eunet.com,mking,password
hmacias653@telkom.com,hmacias,password
smolina654@seednet.com,smolina,password
price655@mtn.com,price,password
bzuniga656@ptcl.com,bzuniga,password
mshelton657@att.com,mshelton,password
kwilcox658@zain.com,kwilcox,password
rmathews659@bt.com,rmathews,password
sdunlap660@nordnet.com,sdunlap,password
aespinoz661@belgacom.com,aespinoz,password
shampton662@cerist.com,shampton,password
hbowen663@ktc.com,hbowen,password
ddawson664@singtel.com,ddawson,password
dfischer665@ktc.com,dfischer,password
troberts666@orstom.com,troberts,password
vhardin668@telus.com,vhardin,password
cdejesus669@verizon.com,cdejesus,password
rsanchez670@airtel.com,rsanchez,password
fhuber671@ktc.com,fhuber,password
fmyers672@bt.com,fmyers,password
ecasey674@glasnet.com,ecasey,password
emendez675@zain.com,emendez,password
cpollard676@telecomitalia.com,cpollard,password
vsmith677@vodafone.com,vsmith,password
dcharles678@megafon.com,dcharles,password
deaton679@ais.com,deaton,password
amarquez680@ote.com,amarquez,password
ilawrenc681@orstom.com,ilawrenc,password
jbishop682@tm.com,jbishop,password
wsnyder683@telenor.com,wsnyder,password
mbeil684@chunghwa.com,mbeil,password
fnixon685@telenor.com,fnixon,password
tcompton686@sktelecom.com,tcompton,password
fmahoney687@megafon.com,fmahoney,password
wnash688@openworld.com,wnash,password
smullen689@belgacom.com,smullen,password
rjaramil690@vodafone.com,rjaramil,password
msavage691@access.com,msavage,password
kmayo692@icom.com,kmayo,password
rlopez693@telefonica.com,rlopez,password
lharper694@telus.com,lharper,password
sreyes695@oi.com,sreyes,password
ahull696@jio.com,ahull,password
bschultz697@openworld.com,bschultz,password
bnorton698@tata.com,bnorton,password
hvillanu699@uunet.com,hvillanu,password
