srose100@oi.com,srose,password
rreid101@orstom.com,rreid,password
mmendoza102@mtn.com,mmendoza,password
lfrench103@glasnet.com,lfrench,password
hgolden104@megafon.com,hgolden,password
cmeyer105@verizon.com,cmeyer,password
msalazar106@orange.com,msalazar,password
vklein107@worldnet.com,vklein,password
kkramer108@bifty.com,kkramer,password
tfarrell109@optus.com,tfarrell,password
lwelch110@telstra.com,lwelch,password
bmorriso111@ais.com,bmorriso,password
ndudley112@telekom.com,ndudley,password
lcollins113@nordnet.com,lcollins,password
lbeck114@singtel.com,lbeck,password
nwalter115@singtel.com,nwalter,password
npham116@maxcomm.com,npham,password
vcorrea117@openworld.com,vcorrea,password
kbryant118@ktc.com,kbryant,password
vmoyer119@ccs.com,vmoyer,password
acrane120@swisscom.com,acrane,password
jholt121@greennet.com,jholt,password
mmurillo122@ote.com,mmurillo,password
abautist123@chunghwa.com,abautist,password
lstout124@eunet.com,lstout,password
tparks126@rogers.com,tparks,password
mpugh127@relcom.com,mpugh,password
scarlson128@megafon.com,scarlson,password
pmoss129@kddi.com,pmoss,password
owatson130@belgacom.com,owatson,password
wballard131@verizon.com,wballard,password
kscott132@tata.com,kscott,password
cwolfe133@mtn.com,cwolfe,password
ksolomon134@lookdata.com,ksolomon,password
ljacobso135@tm.com,ljacobso,password
cconley136@vodafone.com,cconley,password
pproctor137@telesystems.com,pproctor,password
kfry138@tm.com,kfry,password
wkeith139@millicom.com,wkeith,password
nvillarr140@telesystems.com,nvillarr,password
lramos141@vivendi.com,lramos,password
dhernand142@millicom.com,dhernand,password
qstone143@ui.com,qstone,password
sspence144@rogers.com,sspence,password
nstanley145@bifty.com,nstanley,password
mchapman146@bt.com,mchapman,password
ssanchez147@vivendi.com,ssanchez,password
rparrish148@vodafone.com,rparrish,password
tgentry149@kpn.com,tgentry,password
cconley150@pldt.com,cconley,password
jwaters151@cerist.com,jwaters,password
msalgado152@access.com,msalgado,password
lboyd153@ktc.com,lboyd,password
ameyers154@telia.com,ameyers,password
ldavidso155@softbank.com,ldavidso,password
tbanks156@apicnet.com,tbanks,password
bschmidt157@bt.com,bschmidt,password
iray158@belgacom.com,iray,password
amaldona159@telstra.com,amaldona,password
fmoore160@orange.com,fmoore,password
ghill161@tata.com,ghill,password
jhensley162@airtel.com,jhensley,password
dbradfor163@ote.com,dbradfor,password
ioconnor164@bifty.com,ioconnor,password
gmorris165@rogers.com,gmorris,password
emcguire166@eunet.com,emcguire,password
ddoyle167@turkcell.com,ddoyle,password
dchase168@algonet.com,dchase,password
rtorres169@telus.com,rtorres,password
tmarshal170@centurylink.com,tmarshal,password
swheeler171@tt.com,swheeler,password
ikoch172@sktelecom.com,ikoch,password
therman173@telus.com,therman,password
mrivera174@telecomitalia.com,mrivera,password
xclay175@icom.com,xclay,password
lhowell176@uunet.com,lhowell,password
dho177@telecom.com,dho,password
rcrosby178@frontier.com,rcrosby,password
sschaefe179@netcom.com,sschaefe,password
cgibbs180@bce.com,cgibbs,password
cheath181@jio.com,cheath,password
denrique182@oi.com,denrique,password
lsalgado183@vivendi.com,lsalgado,password
hmeadows184@cerist.com,hmeadows,password
kstrong185@telecom.com,kstrong,password
crice186@icom.com,crice,password
cfarrell187@rogers.com,cfarrell,password
nli188@orange.com,nli,password
lbell190@relcom.com,lbell,password
rdrake191@att.com,rdrake,password
mwarren192@telecom.com,mwarren,password
trowe193@telenor.com,trowe,password
ihumphre194@seednet.com,ihumphre,password
tshelton195@lookdata.com,tshelton,password
rwilkins196@telesystems.com,rwilkins,password
lnorris197@relcom.com,lnorris,password
sharper198@telus.com,sharper,password
dmendoza199@att.com,dmendoza,password
